{"cameraMode":{"drawMode":0,"name":"Shaded","section":"Shading Mode"},"sceneLighting":false,"audioPlay":false,"sceneViewState":{"showFog":true,"showMaterialUpdate":false,"showSkybox":true,"showFlares":true,"showImageEffects":true,"showParticleSystems":true},"in2DMode":false,"pivot":{"x":4.599999904632568,"y":-8.319999694824219,"z":14.799930572509766},"rotation":{"x":0.6050328612327576,"y":-0.021896354854106904,"z":0.01672053337097168,"w":0.7957237362861633},"size":1.3464957475662232,"orthographic":true}