{"cameraMode":{"drawMode":0,"name":"Shaded","section":"Shading Mode"},"sceneLighting":false,"audioPlay":false,"sceneViewState":{"showFog":true,"showMaterialUpdate":false,"showSkybox":true,"showFlares":true,"showImageEffects":true,"showParticleSystems":true},"in2DMode":false,"pivot":{"x":1.57053804397583,"y":4.03120231628418,"z":14.902186393737793},"rotation":{"x":0.24605174362659455,"y":-0.5257640480995178,"z":0.16212064027786256,"w":0.7979646921157837},"size":2.8578836917877199,"orthographic":false}