{"cameraMode":{"drawMode":0,"name":"Shaded","section":"Shading Mode"},"sceneLighting":false,"audioPlay":false,"sceneViewState":{"showFog":true,"showMaterialUpdate":false,"showSkybox":true,"showFlares":true,"showImageEffects":true,"showParticleSystems":true},"in2DMode":false,"pivot":{"x":5.919020652770996,"y":-5.8125,"z":14.853240966796875},"rotation":{"x":0.6938866972923279,"y":-0.015476304106414318,"z":0.015001279301941395,"w":0.7197616100311279},"size":11.605376243591309,"orthographic":true}