{"cameraMode":{"drawMode":0,"name":"Shaded","section":"Shading Mode"},"sceneLighting":false,"audioPlay":false,"sceneViewState":{"showFog":true,"showMaterialUpdate":false,"showSkybox":true,"showFlares":true,"showImageEffects":true,"showParticleSystems":true},"in2DMode":false,"pivot":{"x":4.679999828338623,"y":-7.747000217437744,"z":11.549297332763672},"rotation":{"x":0.24844405055046082,"y":-0.014215975999832154,"z":0.0036805132403969766,"w":0.9685349464416504},"size":7.311853885650635,"orthographic":true}